{
  "version": "1.0",
  "download_url": "https://github.com/joshatoutthink/explore-wp-plugin-update/raw/main/explore-wp-plugin-update.zip",
  "requires": "3.0",
  "tested": "4.8.1",
  "requires_php": "5.3",
  "last_updated": "2017-08-17 02:10:00",
  "sections": {
    "description": "This is the plugin to test your updater script",
    "installation": "Upload the plugin to your blog, Activate it, that's it!",
    "changelog": "<h4>1.1 –  January 17, 2020</h4><ul><li>Some bugs are fixed.</li><li>Release date.</li></ul>"
  }
}
